,closestGlovoCity,total_observations,mean_age,mean_female_share,share_España,share_Marruecos,share_Ecuador,share_Colombia,share_Rumanía,share_Argentina,share_Francia,share_Perú,share_Alemania,share_Reino_Unido,share_Venezuela,share_Bolivia,share_Cuba,share_República_Dominicana,share_Brasil,share_Uruguay,share_China,share_Italia,share_Bulgaria,share_Chile,glovoCityCoords,autonomousCommunity,index_antiimmigration,index_xenophobia,index_all
0,A Coruña,32880.0,43.93111313868613,0.5280717761557178,0.9710766423357664,0.0008515815085158151,0.0006386861313868613,0.0023418491484184915,0.0005170316301703163,0.0023114355231143554,0.0005778588807785888,0.001307785888077859,0.00048661800486618007,0.0007603406326034064,0.002068126520681265,0.0006386861313868613,0.0016423357664233577,0.00145985401459854,0.0025547445255474453,0.0033454987834549877,0.0003953771289537713,0.0012773722627737226,0.0,0.0003953771289537713,"[43.3709703, -8.3959425]",Galicia,-0.10392058853315227,-0.14006992962071801,-0.1002726488235493
1,Ourense,13489.0,44.74075172362666,0.5359922900140855,0.9660464081844465,0.0028912447179183036,7.413447994662318e-05,0.0061531618355697235,0.00163095855882571,0.002149899918452072,0.0005189413596263622,0.00037067239973311586,0.00037067239973311586,0.0005930758395729854,0.002149899918452072,0.00044480687967973906,0.0011120171991993476,0.0022240343983986953,0.0033360515975980427,0.0008896137593594781,0.00022240343983986953,0.0005930758395729854,0.0005189413596263622,0.00014826895989324636,"[42.1968459, -7.6114105]",Galicia,-0.10392058853315227,-0.14006992962071801,-0.1002726488235493
2,Pontevedra,8871.0,42.0483598241461,0.5284635328598805,0.9696764739037312,0.0022545372562281594,0.00033818058843422386,0.004170893924022094,0.0007890880396798557,0.0018036298049825274,0.0013527223537368955,0.0010145417653026716,0.0,0.00022545372562281593,0.003156352158719423,0.00022545372562281593,0.00045090745124563186,0.0006763611768684477,0.003156352158719423,0.0012399954909254876,0.0013527223537368955,0.00045090745124563186,0.00011272686281140796,0.0,"[42.6075172, -8.4714942]",Galicia,-0.10392058853315227,-0.14006992962071801,-0.1002726488235493
3,Santiago de Compostela,6293.0,44.316542189734626,0.5355156523120927,0.9699666295884316,0.0006356268870173208,0.0004767201652629906,0.0004767201652629906,0.0003178134435086604,0.002224694104560623,0.0011123470522803114,0.0003178134435086604,0.0007945336087716511,0.0007945336087716511,0.0036548546003495946,0.0,0.0012712537740346417,0.0025425075480692834,0.0012712537740346417,0.0004767201652629906,0.0,0.0020657873828062927,0.0,0.0011123470522803114,"[42.8804219, -8.5458608]",Galicia,-0.10392058853315227,-0.14006992962071801,-0.1002726488235493
4,Vigo,28464.0,43.42843591905565,0.5250843170320405,0.9623032602585723,0.0005621135469364812,0.0005621135469364812,0.002529510961214165,0.001862001124227094,0.0030564924114671165,0.0016863406408094434,0.0017566048341765036,0.0007026419336706015,0.0006675098369870714,0.003021360314783586,0.00035132096683530075,0.0015809443507588533,0.0010890949971894322,0.003829398538504778,0.0029862282181000563,0.0002810567734682406,0.0012998875772906127,0.0,0.0007026419336706015,"[42.2376602, -8.7247205]",Galicia,-0.10392058853315227,-0.14006992962071801,-0.1002726488235493
5,Aguadulce,10832.0,38.75793943870015,0.5123707533234859,0.9795051698670606,0.001569423929098966,0.001569423929098966,0.004523633677991137,0.002307976366322009,0.0009231905465288035,0.0,0.00036927621861152144,0.0,0.0007385524372230429,0.0008308714918759232,0.00046159527326440175,0.00018463810930576072,0.0,0.0,0.00036927621861152144,0.0,9.231905465288036e-05,0.00046159527326440175,9.231905465288036e-05,"[37.2530195, -4.9906167]",Andalucía,-0.024654733181651855,-0.13200470261021408,-0.048291047106713246
6,Algeciras,12116.0,38.67976229778805,0.5185704853086828,0.9584846483988115,0.02872235061076263,0.00041267745130406077,0.00041267745130406077,0.0006602839220864972,0.001072961373390558,0.0003301419610432486,0.0006602839220864972,0.0008253549026081215,0.001650709805216243,0.0,0.0009904258831297458,8.253549026081215e-05,8.253549026081215e-05,0.000577748431825685,8.253549026081215e-05,0.0,0.0009904258831297458,0.0,0.0003301419610432486,"[36.1311725, -5.4473991]",Andalucía,-0.024654733181651855,-0.13200470261021408,-0.048291047106713246
7,Almeria,14048.0,40.12756264236902,0.527121298405467,0.9473234624145785,0.015945330296127564,0.004840546697038725,0.0049829157175398636,0.0056947608200455585,0.004626993166287016,0.0012101366742596812,0.0005694760820045558,0.0010677676537585422,0.0006406605922551253,0.0006406605922551253,0.0007830296127562642,0.0004982915717539864,0.00042710706150341686,0.0007118451025056948,7.118451025056947e-05,0.0004982915717539864,0.0009965831435079728,0.0007118451025056948,0.00014236902050113895,"[36.8414197, -2.4628135]",Andalucía,-0.024654733181651855,-0.13200470261021408,-0.048291047106713246
8,Cordoba,28565.0,41.39404866094871,0.5218274111675127,0.9836863294241204,0.0011202520567127603,0.0019954489760196045,0.0017854017153859619,0.0014353229476632243,0.000875196919306844,0.000595133905128654,0.000595133905128654,0.00035007876772273763,0.00021004726063364256,0.0004551023980395589,0.0009802205496236653,0.000595133905128654,0.00010502363031682128,0.00024505513740591633,0.00024505513740591633,0.00024505513740591633,0.00024505513740591633,0.00017503938386136881,0.00017503938386136881,"[37.8845813, -4.7760138]",Andalucía,-0.024654733181651855,-0.13200470261021408,-0.048291047106713246
9,Granada,25771.0,41.81929300376392,0.5298591439990687,0.9593341352683249,0.00702339839354313,0.0034922975437507277,0.002483411586667184,0.002910247953125606,0.0024446082806255094,0.0014745256295836406,0.0003880330604167475,0.0012029024872919174,0.0018237553839587134,0.0005044429785417717,0.0025998215047922085,0.0006984595087501455,0.00042683636645842225,0.0006984595087501455,0.000155213224166699,0.0005820495906251212,0.0021341818322921113,0.0005820495906251212,0.0,"[37.1734995, -3.5995337]",Andalucía,-0.024654733181651855,-0.13200470261021408,-0.048291047106713246
10,Huelva,16301.0,39.34568431384577,0.5204588675541378,0.9606772590638611,0.005521133672780811,0.0020857616097171953,0.0037421017115514387,0.00858843015765904,0.0010428808048585977,0.00030672964848782285,0.0001840377890926937,0.0005521133672780811,0.0009201889454634685,0.000858843015765904,0.0009201889454634685,0.0007974970860683394,0.00012269185939512914,0.000981534875161033,0.0,0.0011042267345561622,0.0001840377890926937,0.0006748052266732103,0.0003680755781853874,"[37.2575874, -6.9484945]",Andalucía,-0.024654733181651855,-0.13200470261021408,-0.048291047106713246
11,Jaen ,27870.0,40.81273771080014,0.5255113024757804,0.9792967348403301,0.003444564047362756,0.0018299246501614639,0.0028704700394689632,0.0022246142805884463,0.0006099748833871547,0.0006817366343738787,0.0006817366343738787,3.588087549336204e-05,0.0002870470039468963,0.00025116612845353425,0.0012917115177610333,0.0001794043774668102,0.0006817366343738787,0.0001794043774668102,7.176175098672408e-05,0.0006099748833871547,0.0004305705059203445,0.00014352350197344816,0.0003588087549336204,"[37.9557275, -3.492055612037218]",Andalucía,-0.024654733181651855,-0.13200470261021408,-0.048291047106713246
12,Jerez de la Frontera,17933.0,38.838565772598,0.5169241063960297,0.9839959850554844,0.0013383148385657725,0.0006691574192828863,0.0006691574192828863,0.0002788155913678693,0.0008922098923771817,0.00044610494618859087,0.0002788155913678693,0.0007249205375564602,0.0008364467741036078,0.0006691574192828863,0.002788155913678693,0.0005576311827357386,5.576311827357386e-05,0.0005018680644621647,0.00011152623654714772,0.00016728935482072157,0.00011152623654714772,0.0,5.576311827357386e-05,"[36.6816936, -6.1377402]",Andalucía,-0.024654733181651855,-0.13200470261021408,-0.048291047106713246
13,Malaga,51145.0,39.82954345488317,0.5224948675334833,0.9514517548147424,0.0054355264444227195,0.000742985629093753,0.0017597028057483625,0.002111643366898035,0.004340600254179294,0.002052986606706423,0.0003519405611496725,0.001427314497995894,0.004888063349301007,0.0008994036562713852,0.0011926874572294457,0.0007625378824909571,0.0002737315475608564,0.0011340306970378335,0.0009580604164629974,0.001349105484407078,0.0030501515299638285,0.0009385081630657933,0.0006061198553133248,"[36.7213028, -4.4216366]",Andalucía,-0.024654733181651855,-0.13200470261021408,-0.048291047106713246
14,Marbella,12213.0,39.607303692786374,0.5178907721280602,0.8806190125276345,0.013182674199623353,0.0004912797838368951,0.0036027184148038974,0.003766478342749529,0.007778596577417506,0.004012118234667977,0.00024563989191844754,0.005977237370015557,0.0268566281830836,0.0017194792434291329,0.0015557193154835012,0.0008187996397281585,0.00040939981986407926,0.0012281994595922379,0.0009825595676737902,0.002783918775075739,0.006386637189879637,0.0014738393515106854,0.0005731597478097109,"[36.508976, -4.88562]",Andalucía,-0.024654733181651855,-0.13200470261021408,-0.048291047106713246
15,Roquetas de mar,12987.0,36.15507815507816,0.513975513975514,0.885962885962886,0.045584045584045586,0.001771001771001771,0.002156002156002156,0.020713020713020714,0.004697004697004697,0.001848001848001848,0.002541002541002541,0.002233002233002233,0.002926002926002926,7.7000077000077e-05,0.000154000154000154,0.000847000847000847,0.000462000462000462,0.000231000231000231,0.000154000154000154,0.001078001078001078,0.001463001463001463,0.00231000231000231,0.000924000924000924,"[36.7630203, -2.6115886]",Andalucía,-0.024654733181651855,-0.13200470261021408,-0.048291047106713246
16,Rota,13392.0,42.20497311827957,0.5209080047789725,0.9866338112305855,0.0013440860215053765,0.0003733572281959379,0.001418757467144564,7.467144563918757e-05,0.0007467144563918758,0.0002986857825567503,0.00014934289127837514,0.0006720430107526882,0.0005973715651135006,0.00022401433691756272,0.0006720430107526882,0.0002986857825567503,0.00022401433691756272,0.0003733572281959379,7.467144563918757e-05,0.0002986857825567503,0.0007467144563918758,0.0,0.0,"[36.6228636, -6.3599595]",Andalucía,-0.024654733181651855,-0.13200470261021408,-0.048291047106713246
17,San Fernando,16822.0,38.29978599453097,0.5140292474141006,0.9851385090952325,0.00231839258114374,0.00023778385447628106,0.0005350136725716324,5.9445963619070264e-05,0.00041612174533349185,0.0003566757817144216,0.0002972298180953513,0.0014861490904767567,0.002080608726667459,0.00023778385447628106,0.0011294733087623351,0.0007133515634288432,0.0002972298180953513,0.00041612174533349185,0.0,0.00041612174533349185,0.0009511354179051242,0.00023778385447628106,0.0001783378908572108,"[36.4643934, -6.198203]",Andalucía,-0.024654733181651855,-0.13200470261021408,-0.048291047106713246
18,Sevilla,81625.0,39.85221439509954,0.5188483920367535,0.967791730474732,0.005672281776416539,0.0018376722817764165,0.0022419601837672283,0.0025727411944869833,0.0012863705972434916,0.0008820826952526799,0.0010658499234303216,0.0007718223583460949,0.000673813169984686,0.0005635528330781011,0.0016171516079632466,0.0007350689127105666,0.0005880551301684533,0.0006983154670750383,0.00020826952526799386,0.0008820826952526799,0.0009065849923430322,0.000894333843797856,0.00028177641653905056,"[37.3886303, -5.9953403]",Andalucía,-0.024654733181651855,-0.13200470261021408,-0.048291047106713246
19,Albacete,17612.0,39.94679763797411,0.5149330002271179,0.959629797865092,0.0026118555530320236,0.0030093118328412445,0.006359300476947536,0.008630479218714513,0.0014762661821485351,0.0005677946854417443,0.0011923688394276629,0.00011355893708834885,0.0002271178741766977,0.00028389734272087216,0.004599136952078128,0.0002271178741766977,0.00028389734272087216,0.00028389734272087216,5.6779468544174426e-05,0.0007381330910742676,0.0004542357483533954,0.0013059277765160118,0.000397456279809221,"[38.9950921, -1.8559154]",Castilla-La Mancha,0.023379301848226997,-0.06705039662279612,0.004132963678180221
20,Guadalajara,6724.0,42.14991076740036,0.5223081499107673,0.9452706722189174,0.004164187983343248,0.006395002974419988,0.004164187983343248,0.008774538964901844,0.001189767995240928,0.000297441998810232,0.003271861986912552,0.000446162998215348,0.001189767995240928,0.000594883997620464,0.005353955978584176,0.000892325996430696,0.001338488994646044,0.001784651992861392,0.0,0.00148720999405116,0.000297441998810232,0.0037180249851279,0.000594883997620464,"[40.7399963, -2.505930025884726]",Castilla-La Mancha,0.023379301848226997,-0.06705039662279612,0.004132963678180221
21,Alcala de Henares,18549.0,39.60736427839776,0.5075745323198017,0.9168688338994015,0.0031268531996334033,0.0032346757237586934,0.006523262709580031,0.03175373335489784,0.0016712491239419915,0.0012938702895034773,0.0032346757237586934,0.0008625801930023182,0.0007008464068143835,0.0005391126206264489,0.0006469351447517387,0.0007008464068143835,0.0019408054342552159,0.001401692813628767,0.00032346757237586933,0.0012938702895034773,0.0012938702895034773,0.004097255916761011,0.0011860477653781874,"[40.4818396, -3.3644973]",Comunidad de Madrid,-0.07223082912290349,-0.24512908202107514,-0.12197888702472201
22,Brunete,9220.0,37.97255965292842,0.5218004338394794,0.9045553145336226,0.013123644251626898,0.006073752711496746,0.00911062906724512,0.006182212581344902,0.00596529284164859,0.0014099783080260303,0.01106290672451193,0.0016268980477223427,0.003579175704989154,0.001843817787418655,0.007700650759219089,0.0010845986984815619,0.002928416485900217,0.00032537960954446855,0.0008676789587852494,0.0006507592190889371,0.003579175704989154,0.0015184381778741865,0.0004338394793926247,"[40.4050499, -3.9979912]",Comunidad de Madrid,-0.07223082912290349,-0.24512908202107514,-0.12197888702472201
23,Colmenar Viejo,20275.0,38.86747225647349,0.5209371146732429,0.9215782983970406,0.008335388409371147,0.007694204685573366,0.008236744759556103,0.005770653514180025,0.0034525277435265103,0.0011837237977805179,0.004241676942046856,0.0016276202219482122,0.0027127003699136867,0.003403205918618989,0.0019235511713933415,0.0017755856966707767,0.0016276202219482122,0.0010850801479654747,0.0009864364981504315,0.0004932182490752158,0.00374845869297164,0.005228113440197287,0.0004932182490752158,"[40.6587726, -3.7659722]",Comunidad de Madrid,-0.07223082912290349,-0.24512908202107514,-0.12197888702472201
24,Fuenlabrada,41314.0,40.05216149489277,0.5121992544900034,0.9357118652272838,0.005905988284842911,0.009004211647383454,0.008495909376966647,0.008762162947184973,0.0010166045408336157,0.0006293266205160479,0.005131432444207775,0.00033886818027787193,0.00012102435009923996,0.0007745558406351358,0.0013554727211114877,0.0015249068112504235,0.0011134240209130077,0.0011376288909328556,0.0003630730502977199,0.0015733165512901196,0.0008955801907343758,0.0023478723919252553,0.0007503509706152878,"[40.282476, -3.7923422]",Comunidad de Madrid,-0.07223082912290349,-0.24512908202107514,-0.12197888702472201
25,Madrid,232122.0,44.40056091193424,0.5375966086799183,0.9152083817992263,0.002847640464927926,0.014526843642567271,0.006961856265239831,0.0062682554863390805,0.0023048224640490776,0.0027700950362309477,0.007474517710514298,0.0016844590344732512,0.0012622672560119248,0.002076494257330197,0.003993589577894383,0.0016499943994968164,0.00391173606982535,0.0014604389071264249,0.00038341906411283724,0.0018740145268436425,0.0029208778142528497,0.0016198378438924358,0.0009994744143166094,"[40.4167047, -3.7035825]",Comunidad de Madrid,-0.07223082912290349,-0.24512908202107514,-0.12197888702472201
26,Madrid Norte,12963.0,39.07822263364962,0.5206356553266991,0.9278716346524725,0.0018514232816477668,0.0072514078531204194,0.005939983028619918,0.0035485612898248863,0.0026999922857363265,0.0023142791020597086,0.006094268302090565,0.00277713492247165,0.0019285659183830904,0.0016199953714417959,0.0026999922857363265,0.0008485690040885598,0.0032399907428835918,0.001388567461235825,0.00030857054694129443,0.0014657100979711486,0.0030857054694129445,0.0008485690040885598,0.002391421738795032,"[40.484672599999996, -3.6947355654965763]",Comunidad de Madrid,-0.07223082912290349,-0.24512908202107514,-0.12197888702472201
27,Mostoles,33573.0,40.72552348613469,0.5155035296220177,0.9389986000655288,0.006016739641974206,0.007059244035385577,0.0050933786078098476,0.007595389151997141,0.0024126530247520327,0.0009233610341643582,0.004795520209692312,0.0008042176749173443,0.00047657343698805587,0.0013701486313406606,0.0010127185535996187,0.0008637893545408513,0.0017275787090817027,0.0013999344711524142,0.0005957167962350699,0.001757364548893456,0.0011914335924701398,0.0011318619128466328,0.0011616477526583862,"[40.3238525, -3.8649214]",Comunidad de Madrid,-0.07223082912290349,-0.24512908202107514,-0.12197888702472201
28,Parla,15163.0,37.847457627118644,0.5173778276066742,0.9165732374859856,0.011739101760865265,0.013651652047747808,0.007254501088175163,0.01239860185979028,0.0021104003165600474,0.0005935500890325133,0.00402295060344259,0.0003297500494625074,0.0002638000395700059,0.0007254501088175163,0.0018466002769900415,0.0011211501681725252,0.003825100573765086,0.0003957000593550089,0.0005276000791400118,0.001648750247312537,0.0011871001780650267,0.0007914001187100178,0.0009892501483875222,"[40.2373952, -3.7718902]",Comunidad de Madrid,-0.07223082912290349,-0.24512908202107514,-0.12197888702472201
29,Rivas,29432.0,37.88573661321011,0.5093435716227236,0.9184221255776026,0.0028540364229410167,0.004213101386246263,0.0062516988312041315,0.043116335960858926,0.0022424571894536557,0.000679532481652623,0.0031258494156020658,0.0005096493612394672,0.0005436259853220984,0.0007135091057352542,0.000679532481652623,0.0010532753465615657,0.0014270182114705084,0.0005436259853220984,0.00044169611307420494,0.0011891818428920902,0.0014609948355531394,0.000679532481652623,0.0009853220983963033,"[40.3643815, -3.5260695]",Comunidad de Madrid,-0.07223082912290349,-0.24512908202107514,-0.12197888702472201
30,Tres Cantos,3421.0,36.828705057000874,0.5150540777550424,0.9365682548962292,0.0017538731365097924,0.002630809704764689,0.0035077462730195848,0.0020461853259280912,0.002630809704764689,0.0040923706518561824,0.00467699503069278,0.003215434083601286,0.0035077462730195848,0.00029231218941829873,0.006430868167202572,0.0005846243788365975,0.003215434083601286,0.0029231218941829875,0.0,0.0,0.003800058462437884,0.0005846243788365975,0.0020461853259280912,"[40.6065826, -3.7065333]",Comunidad de Madrid,-0.07223082912290349,-0.24512908202107514,-0.12197888702472201
31,Valdemoro,15822.0,36.791556061180636,0.5097964859057009,0.9233345973960309,0.004740235115661737,0.005751485273669574,0.008658829477942106,0.02142586272279105,0.002844141069397042,0.0006952344836303881,0.005056250790039186,0.0010112501580078373,0.0007584376185058779,0.0017064846416382253,0.0011376564277588168,0.0017064846416382253,0.0013904689672607762,0.0013272658323852863,0.0005688282138794084,0.0008216407533813677,0.0024017191252686133,0.001074453292883327,0.0009480470231323473,"[40.1888604, -3.67143]",Comunidad de Madrid,-0.07223082912290349,-0.24512908202107514,-0.12197888702472201
32,Alcantarilla ,2163.0,38.49468331021729,0.4946833102172908,0.8908922792417938,0.008321775312066574,0.055940822931114194,0.0027739251040221915,0.0018492834026814608,0.0013869625520110957,0.002311604253351826,0.0,0.0018492834026814608,0.006934812760055479,0.0004623208506703652,0.010171058714748035,0.0009246417013407304,0.0,0.0009246417013407304,0.0,0.0,0.0004623208506703652,0.0009246417013407304,0.0004623208506703652,"[37.9680342, -1.214954]",Región de Murcia,0.011454379691790624,-0.06192838465988235,-0.01051631806373405
33,Cartagena,5498.0,37.88013823208439,0.4961804292469989,0.8381229538013824,0.05092761004001455,0.0205529283375773,0.0010913059294288831,0.017279010549290652,0.0025463805020007274,0.0021826118588577663,0.00018188432157148054,0.002728264823572208,0.02673699527100764,0.00018188432157148054,0.0012731902510003637,0.0,0.0,0.0007275372862859222,0.0007275372862859222,0.001636958894143325,0.0007275372862859222,0.0021826118588577663,0.0005456529647144416,"[37.6019353, -0.9841152]",Región de Murcia,0.011454379691790624,-0.06192838465988235,-0.01051631806373405
34,Molina de Segura,1368.0,37.26973684210526,0.5087719298245614,0.945906432748538,0.003654970760233918,0.016812865497076022,0.0029239766081871343,0.0,0.0007309941520467836,0.0043859649122807015,0.0014619883040935672,0.0,0.0014619883040935672,0.0021929824561403508,0.0014619883040935672,0.0,0.0,0.0,0.0,0.0,0.0014619883040935672,0.0,0.0,"[38.0580379, -1.206233]",Región de Murcia,0.011454379691790624,-0.06192838465988235,-0.01051631806373405
35,Murcia,37334.0,39.64616703273156,0.5185085980607489,0.9200460706058821,0.011812289066266675,0.013847967000589274,0.00439277870038035,0.0019285369904108855,0.002303530294101891,0.0016338993946536668,0.00021428188782343172,0.0019017517544329566,0.011758718594310815,0.0002946375957572186,0.006883805646327744,0.00042856377564686344,0.0009106980232495848,0.0005892751915144372,0.00034820806771307654,0.0016338993946536668,0.0013660470348743773,0.002544597417903252,0.0005624899555365083,"[37.9923795, -1.1305431]",Región de Murcia,0.011454379691790624,-0.06192838465988235,-0.01051631806373405
36,Avila,10759.0,40.745329491588436,0.5116646528487777,0.9450692443535644,0.0056696719025931775,0.003996653964123059,0.00957338042569012,0.014964216005204945,0.0021377451436007063,0.0006506180871828237,0.002509526907705177,0.00018589088205223534,0.00018589088205223534,0.0013012361743656475,0.0010223998512872944,0.00046472720513058836,0.002881308671809648,0.00018589088205223534,0.000278836323078353,0.0020447997025745887,0.0006506180871828237,0.0010223998512872944,0.000836508969235059,"[40.656478, -4.7002172]",Castilla y León,0.09148302438788442,-0.11367173954408609,0.03071718819225131
37,Burgos,16201.0,43.10227763718289,0.5192272081970248,0.9553114005308314,0.002098635886673662,0.005431763471390655,0.0058021109808036545,0.006913153509042652,0.0009875933584346645,0.0003703475094129992,0.0014196654527498303,0.0003703475094129992,0.0008641441886303315,0.001049317943336831,0.0006789704339238319,0.0011110425282389975,0.001728288377260663,0.0006172458490216654,0.00012344916980433306,0.0002468983396086661,0.0004937966792173322,0.0062959076600209865,0.0003086229245108327,"[42.343926, -3.696977]",Castilla y León,0.09148302438788442,-0.11367173954408609,0.03071718819225131
38,León,14998.0,45.00520069342579,0.5320709427923723,0.968329110548073,0.0036004800640085347,0.0015335378050406721,0.005534071209494599,0.0014001866915588745,0.0011334844645952793,0.0013335111348179757,0.0003333777837044939,0.00020002667022269636,0.00013335111348179759,0.0008001066808907855,6.667555674089879e-05,0.0017335644752633685,0.003800506734231231,0.0021336178157087614,0.00020002667022269636,0.00040005334044539273,0.00026670222696359517,0.0003333777837044939,0.0003333777837044939,"[42.63414505, -5.971415104539984]",Castilla y León,0.09148302438788442,-0.11367173954408609,0.03071718819225131
39,Salamanca,17811.0,44.81651788220763,0.5297288192689911,0.9749592948178092,0.0019089326820504182,0.00067374094660603,0.0030879793386109707,0.0012351917354443884,0.00044916063107068664,0.0011229015776767167,0.0028072539441917916,0.0005053057099545225,0.0001684352366515075,0.0002807253944191792,0.0017404974453989108,0.0011790466565605525,0.0015159171298635675,0.0002807253944191792,5.614507888383583e-05,0.00044916063107068664,0.000336870473303015,0.0006175958677221942,0.0002807253944191792,"[40.9651572, -5.6640182]",Castilla y León,0.09148302438788442,-0.11367173954408609,0.03071718819225131
40,Valladolid,32628.0,44.31522005639328,0.5249785460340811,0.9683707245310776,0.002421233296555106,0.002727718523967145,0.00435209022925095,0.00245188181929631,0.0006129704548240775,0.0007968615912713007,0.001256589432389359,0.0003984307956356504,0.0001225940909648155,0.0008888071594949123,0.0013178864778717666,0.000735564545788893,0.002145396591884271,0.001471129091577786,0.00021453965918842712,0.0009501042049773201,0.0006129704548240775,0.003585877160720853,3.0648522741203875e-05,"[41.6521328, -4.728562]",Castilla y León,0.09148302438788442,-0.11367173954408609,0.03071718819225131
41,Badajoz,28334.0,39.38949671772429,0.51574080609868,0.9792122538293216,0.0013058516270205408,0.0014117314886708547,0.0020117173713559682,0.0028234629773417094,0.0009176254676360557,0.00024705301051739957,0.0008117456059857415,0.00017646643608385684,0.0003529328721677137,0.0003529328721677137,0.0011999717653702266,0.0003529328721677137,0.00017646643608385684,0.001129385190936684,0.0001411731488670855,0.0013764382014540835,0.00021175972330062822,0.0003176395849509423,0.0,"[38.88964355, -6.980142450723942]",Extremadura,0.02939033779248599,-0.12306492820436432,-0.014289360596456057
42,Barakaldo,9961.0,44.19787169962855,0.5160124485493425,0.9645617909848408,0.0034133119164742494,0.0021082220660576245,0.004517618712980624,0.002409396646923,0.00060234916173075,0.00020078305391024997,0.0014054813773717498,0.00010039152695512498,0.00010039152695512498,0.0014054813773717498,0.006625840779038249,0.00060234916173075,0.00060234916173075,0.0005019576347756249,0.00060234916173075,0.00060234916173075,0.000301174580865375,0.0,0.00020078305391024997,"[43.29548, -2.9900933]",País Vasco,-0.07451739890505617,-0.20943991389800728,-0.10798764723798644
43,Bilbao,29795.0,45.405772780667895,0.5309280080550428,0.9567041449907703,0.0019130726631985233,0.0028192649773451923,0.00728310119147508,0.0030542037254572916,0.0012082564188622253,0.0006041282094311126,0.0012753817754656822,0.0008055042792414835,0.00046987749622419867,0.0007048162443362981,0.00617553280751804,0.0007383789226380266,0.0008055042792414835,0.0013425071320691392,0.00026850142641382784,0.0006712535660345696,0.0008726296358449404,0.00010068803490518544,0.0004363148179224702,"[43.2630018, -2.9350039]",País Vasco,-0.07451739890505617,-0.20943991389800728,-0.10798764723798644
44,Getxo,16779.0,44.08224566422314,0.5252398831873175,0.9634662375588533,0.0011919661481613923,0.0014303593777936707,0.0035758984444841766,0.004052684903748734,0.0017283509148340187,0.0011323678407533227,0.0018475475296501579,0.00029799153704034806,0.0012515644555694619,0.00023839322963227844,0.004827462900053639,0.00011919661481613922,0.00029799153704034806,0.0017879492222420883,0.0006555813814887657,0.00041718815185648727,0.00041718815185648727,0.00017879492222420883,0.0007747779963049049,"[43.3479409, -3.0087671]",País Vasco,-0.07451739890505617,-0.20943991389800728,-0.10798764723798644
45,Vitoria,34145.0,42.896998096353784,0.5168838775809049,0.9365939376189779,0.006794552643139552,0.003983013618392151,0.007673158588373114,0.00899106750622346,0.0013179089178503441,0.0005857372968223752,0.0012593351881681066,0.0004685898374579001,0.0005564504319812564,0.0008200322155513252,0.004158734807438864,0.0010250402694391566,0.0016107775662615317,0.001698638160784888,0.00011714745936447503,0.00038072924293454385,0.000849319080392444,0.0006735978913457314,0.0011129008639625129,"[42.8465088, -2.6724025]",País Vasco,-0.07451739890505617,-0.20943991389800728,-0.10798764723798644
46,Barcelona,142585.0,45.37409965985202,0.5327068064663183,0.9198583301188764,0.004727004944419118,0.0073570151137917735,0.005414314268681839,0.0017042465897534804,0.003703054318476698,0.004958445839323912,0.00560367500087667,0.002630010169372655,0.0017323000315601221,0.001493845776203668,0.003955535294736473,0.0008906967773608725,0.002174141740014728,0.001956727566013255,0.0009818704632324577,0.0019427008451099344,0.005898236139846407,0.0004769085107129081,0.001781393554721745,"[41.3828939, 2.1774322]",Cataluña,-0.04075790078301175,-0.12925967873239794,-0.06562047749785936
47,Castelldefels,12484.0,40.7664210189042,0.5173822492790772,0.9069208586991349,0.015299583466837552,0.003524511374559436,0.004645946811919256,0.007049022749118872,0.008651073373918615,0.006968920217878885,0.003925024030759372,0.004645946811919256,0.003043896187119513,0.0008010253123998718,0.0036046139057994233,0.000881127843639859,0.001361743031079782,0.0016821531560397309,0.0036847164370394105,0.0004005126561999359,0.007289330342838834,0.0007209227811598846,0.0008010253123998718,"[41.2861022, 1.9824173]",Cataluña,-0.04075790078301175,-0.12925967873239794,-0.06562047749785936
48,Gava,4741.0,38.13478169162624,0.5129719468466568,0.959291288757646,0.008226112634465302,0.0027420375448217677,0.005695001054629825,0.0016874077198903185,0.002109259649862898,0.001054629824931449,0.0012655557899177389,0.0004218519299725796,0.0002109259649862898,0.0025311115798354778,0.002952963509808057,0.0006327778949588694,0.0002109259649862898,0.0008437038599451593,0.0014764817549040286,0.0,0.0018983336848766082,0.0,0.0014764817549040286,"[41.3050933, 2.0063126]",Cataluña,-0.04075790078301175,-0.12925967873239794,-0.06562047749785936
49,Girona,19154.0,40.48031742716926,0.519891406494727,0.8404510807142112,0.03247363474992169,0.004803174271692597,0.007987887647488775,0.00897984755142529,0.0048553826876892555,0.004646549023702621,0.001514044063903101,0.00428109011172601,0.008718805471441996,0.0022971703038529813,0.004750965855695938,0.0036023807037694477,0.002506003967839616,0.0020883366398663466,0.004333298527722669,0.0020883366398663466,0.0076746371515088235,0.0022449618878563225,0.002036128223869688,"[41.9793006, 2.8199439]",Cataluña,-0.04075790078301175,-0.12925967873239794,-0.06562047749785936
50,Lleida,14975.0,42.657028380634394,0.5260100166944908,0.91779632721202,0.015091819699499165,0.005409015025041737,0.005542570951585977,0.014824707846410684,0.001335559265442404,0.001669449081803005,0.0014691151919866445,0.0005342237061769616,0.0004674457429048414,0.0004674457429048414,0.0017362270450751252,0.0005342237061769616,0.002404006677796327,0.002337228714524207,0.0002671118530884808,0.0011352253756260434,0.0008013355592654424,0.0008013355592654424,0.000333889816360601,"[41.6147605, 0.6267842]",Cataluña,-0.04075790078301175,-0.12925967873239794,-0.06562047749785936
51,Masnou,3820.0,40.230366492146594,0.5112565445026178,0.9382198952879581,0.009162303664921465,0.0020942408376963353,0.004450261780104712,0.004188481675392671,0.0036649214659685864,0.0013089005235602095,0.0010471204188481676,0.0007853403141361257,0.0002617801047120419,0.002617801047120419,0.0,0.0013089005235602095,0.0002617801047120419,0.002617801047120419,0.0002617801047120419,0.0031413612565445027,0.0005235602094240838,0.0010471204188481676,0.0,"[42.2355446, 2.2631993]",Cataluña,-0.04075790078301175,-0.12925967873239794,-0.06562047749785936
52,Mataró,16165.0,41.61008351376431,0.5180946489328797,0.925208784410764,0.02270337148159604,0.004515929477265698,0.003587998762759047,0.0012372409526755336,0.0037117228580266005,0.0018558614290133002,0.0009279307145066501,0.0011135168574079803,0.000989792762140427,0.0006186204763377668,0.0032168264769563875,0.0008042066192390969,0.0008660686668728734,0.0016084132384781937,0.0021651716671821837,0.0012372409526755336,0.003031240334055057,0.0003093102381688834,0.001979585524280854,"[41.5398348, 2.4448926]",Cataluña,-0.04075790078301175,-0.12925967873239794,-0.06562047749785936
53,Sabadell,26432.0,41.168507869249396,0.5176301452784504,0.9414724576271186,0.008928571428571428,0.007566585956416465,0.003367130750605327,0.00325363196125908,0.0023834745762711866,0.0009836561743341405,0.002421307506053269,0.0007188256658595642,0.0005296610169491525,0.0004918280871670703,0.0038967917675544793,0.0015889830508474577,0.0013241525423728813,0.0007188256658595642,0.00211864406779661,0.0007944915254237289,0.0017024818401937046,0.0008323244552058112,0.0012484866828087167,"[41.5421013, 2.1138977]",Cataluña,-0.04075790078301175,-0.12925967873239794,-0.06562047749785936
54,Sant Boi,43323.0,42.91851903146135,0.5176695981349398,0.9203887080765414,0.010848740853588163,0.016665512545299264,0.003993259931214367,0.0028160561364633106,0.002746808854419131,0.001454192922927775,0.0072017173325946955,0.0011079565127068763,0.00023082427348059922,0.000877132239226277,0.005609029845578561,0.001454192922927775,0.003485446529557048,0.0010387092306626965,0.0009232970939223969,0.0013387807861874755,0.0018696766151928537,0.0006693903930937377,0.002054336033977333,"[41.3484145, 2.0430676]",Cataluña,-0.04075790078301175,-0.12925967873239794,-0.06562047749785936
55,Sant Cugat del Valles,12592.0,38.30328780177891,0.511594663278272,0.9161372299872935,0.0127858958068615,0.008656289707750953,0.003573697585768742,0.0013500635324015249,0.0038913595933926302,0.006273824650571792,0.003653113087674714,0.003256035578144854,0.0025412960609911056,0.0011118170266836086,0.003335451080050826,0.0008735705209656925,0.0015883100381194409,0.0007941550190597204,0.0025412960609911056,0.0003970775095298602,0.0054002541296060995,0.0003970775095298602,0.002303049555273189,"[41.4728432, 2.0817809]",Cataluña,-0.04075790078301175,-0.12925967873239794,-0.06562047749785936
56,Talavera,22982.0,40.99373422678618,0.5175789748498825,0.9047080323731616,0.025237142111217473,0.0035680097467583327,0.0075711426333652425,0.011139152380123574,0.004829866852319206,0.002741275781046036,0.0016969802454094508,0.001218344791576016,0.0017840048733791664,0.0011748324775911582,0.0023931772691671745,0.0013923940475154468,0.0022191280132277435,0.0020450787572883124,0.002610738839091463,0.001087807849621443,0.0036115220607431902,0.0015664433034548778,0.0018710295013488816,"[41.5823232, 1.3390948]",Cataluña,-0.04075790078301175,-0.12925967873239794,-0.06562047749785936
57,Terrassa,17676.0,40.84985290789771,0.5108621860149355,0.931602172437203,0.02336501470921023,0.007298031228784793,0.0041298936410952706,0.002885268160217244,0.0029418420457116997,0.0013577732518669382,0.0015274949083503055,0.0008486082824168364,0.00045259108395564606,0.0010749038243946594,0.0016972165648336728,0.0014709210228558498,0.001414347137361394,0.00186693822131704,0.0012446254808780267,0.0007920343969223807,0.0022629554197782305,0.00033944331296673454,0.0013577732518669382,"[41.5629623, 2.0100492]",Cataluña,-0.04075790078301175,-0.12925967873239794,-0.06562047749785936
58,Gijon,21074.0,46.10173673721173,0.5330264781247034,0.9708171206225681,0.0015184587643541805,0.001992977128214862,0.0025623991648476797,0.003131821201480497,0.0020878808009869984,0.0006168738730188858,0.0002847110183164088,0.0004745183638606814,0.0007117775457910221,0.0012811995824238399,0.0004270665274746133,0.0013761032551959762,0.0011862959096517035,0.0016608142735123849,0.0004745183638606814,0.000332162854702477,0.0008066812185631584,0.00018980734554427256,0.000332162854702477,"[43.5449422, -5.66275]",Principado de Asturias,0.10527220810348795,-0.1288522433889966,0.05115186661466865
59,Oviedo,27620.0,45.71444605358436,0.5372556118754526,0.966582186821144,0.0012671976828385228,0.004127443881245474,0.0026068066618392467,0.0034757422157856628,0.002099927588703838,0.0008689355539464157,0.000724112961622013,0.00025343953656770454,0.00032585083272990584,0.0010861694424330196,0.0005068790731354091,0.001774076755973932,0.001882693700217234,0.001774076755973932,0.0006879073135409124,0.0006879073135409124,0.0007603186097031137,0.00021723388848660392,0.00025343953656770454,"[43.3604218, -5.8450534]",Principado de Asturias,0.10527220810348795,-0.1288522433889966,0.05115186661466865
60,Ibiza,7828.0,40.55033214103219,0.5186509964230965,0.8790240163515585,0.010475217169136432,0.012774655084312723,0.008048032703117016,0.013030148185998978,0.008942258559018906,0.0061318344404701075,0.001021972406745018,0.008686765457332652,0.009708737864077669,0.0002554931016862545,0.0011497189575881452,0.001021972406745018,0.0015329586101175269,0.0034491568727644355,0.002682677567705672,0.0002554931016862545,0.007792539601430761,0.0025549310168625446,0.0002554931016862545,"[38.974390099999994, 1.4197463178515335]",Illes Balears,-0.07593011606257367,-0.1345419257587595,-0.09272559757670734
61,Palma,44210.0,40.76150192264193,0.5191133227776521,0.88369147251753,0.011513232300384528,0.010110834652793485,0.007622709794164216,0.0032345623162180503,0.008346527934856367,0.0028274146120787153,0.002035738520696675,0.008391766568649628,0.006627459850712509,0.000972630626555078,0.003935761140013571,0.002261931689662972,0.001945261253110156,0.0017416874010404886,0.003325039583804569,0.0006785795068988917,0.008256050667269848,0.004750056548292241,0.0030536077810450124,"[39.5695818, 2.6500745]",Illes Balears,-0.07593011606257367,-0.1345419257587595,-0.09272559757670734
62,Las Palmas de Gran Canaria,49818.0,40.0124252278293,0.5187883897386487,0.9303464611184712,0.004717170500622265,0.002428840981171464,0.010337628969448794,0.0007226303745634108,0.0034927134770564856,0.0010036532980047372,0.0017463567385282428,0.005479947007105865,0.0031113252238146854,0.002509133245011843,0.0007427034405235055,0.007828495724436951,0.0007025573086033161,0.0009032879682042635,0.0014653338150869165,0.0010638724958850214,0.004014613192018949,0.0004817535830422739,0.0014452607491268216,"[28.1288694, -15.4349015]",Canarias,-0.008961774512597024,-0.08215011075378226,-0.02966828205858167
63,Tenerife,54462.0,41.01804928206823,0.5219051815945063,0.9373140905585546,0.00376409239469722,0.001983034042084389,0.0036355624104880465,0.0026624068157614484,0.0024053468473431015,0.0012302155631449452,0.0015239983841944843,0.005269729352576108,0.005324813631522897,0.008501340384121038,0.0013587455473541184,0.0036539238368036428,0.000661011347361463,0.0006059270684146745,0.0019463111894531967,0.0008997098894642136,0.00506775366310455,0.0003855899526275201,0.0005875656420990783,"[28.2935785, -16.621447121144122]",Canarias,-0.008961774512597024,-0.08215011075378226,-0.02966828205858167
64,Pamplona,37828.0,44.01271544887385,0.5256423813048535,0.945331500475838,0.0026699799090620703,0.00584223326636354,0.006635296605688908,0.003806704028761764,0.0020090937929575976,0.002247012794755208,0.0029607698001480384,0.0007401924500370096,0.0008459342286137253,0.00044940255895104154,0.001903352014380882,0.0005022734482393994,0.0014803849000740192,0.0022205773501110288,0.00026435444644178915,0.00042296711430686265,0.001268901342920588,0.0016918684572274506,0.000925240562546262,"[42.8184538, -1.6442556]",Comunidad Foral de Navarra,-0.15699078981222464,-0.1304151638946654,-0.14377593592546817
65,Santander,16464.0,44.82568027210884,0.5360179786200194,0.9455174927113703,0.0015792031098153547,0.0037050534499514093,0.006316812439261419,0.005041302235179786,0.0013969873663751216,0.0013969873663751216,0.0058309037900874635,0.00042517006802721087,0.0007896015549076773,0.0018221574344023323,0.0021258503401360546,0.0014577259475218659,0.0029154518950437317,0.0021258503401360546,0.00018221574344023323,0.0006681243926141885,0.0009110787172011661,0.00042517006802721087,0.001032555879494655,"[43.4620412, -3.8099719]",Cantabria,0.02319627887817044,-0.18549125744712466,-0.03893110320265392
66,Zaragoza,50957.0,43.521459269580234,0.5251879035265027,0.9393802617893519,0.0037286339462684224,0.007633887395254823,0.004631355849049198,0.015935004022999785,0.0011185901838805267,0.0011185901838805267,0.002492297427242577,0.00037286339462684224,0.0004121121730086151,0.0005298585081539337,0.00037286339462684224,0.0009419706811625488,0.0018054438055615518,0.0013344584649802775,0.0003532390054359558,0.001628824302843574,0.0007653511784445709,0.0005102341189630472,0.0005494828973448201,"[41.6521342, -0.8809428]",Aragón,0.04938583254234695,-0.13380856110658437,-0.005413415555220434
